{
    "Silverstone": 0.0209485,
    "Spa": 0.0036425
}